<?xml version="1.0" encoding="UTF-8" standalone="yes"?>
<ns2:ExportManifest xmlns:ns2="http://www.pentaho.com/schema/">
    <ExportManifestInformation exportDate="02-09-2018 02:44:54 BST" exportBy="admin" rootFolder="/public/Steel Wheels/" manifestVersion="2"/>
    <ExportManifestEntity path="Invoice (report).prpt">
        <ExportManifestProperty>
            <EntityMetaData name="Invoice (report).prpt" createdDate="2018-08-30T16:13:58.841+01:00" isFolder="false" path="Invoice (report).prpt" isHidden="false" isSchedulable="true" locale="en_GB" title="Invoice (report)"/>
        </ExportManifestProperty>
        <ExportManifestProperty>
            <EntityAcl>
                <entriesInheriting>true</entriesInheriting>
                <owner>admin</owner>
                <ownerType>USER</ownerType>
            </EntityAcl>
        </ExportManifestProperty>
    </ExportManifestEntity>
</ns2:ExportManifest>
